Store Type,# Store Nodes,# Concurrent Requests,Record Size (bytes),Num Records Generated,Write Records/s,Sigma Write Records/s,Write MB/s,Sigma Write MB/s,Read Records/s,Sigma Read Records/s,Reads MB/s,Sigma Reads MB/s
ETCD,1,1,128,512,5683.912,77.311,0.694,0.009,80445.725,6867.548,9.820,0.009
ETCD,1,1,256,512,5307.289,127.977,1.296,0.031,62053.987,3282.781,15.150,0.031
ETCD,1,1,512,512,4912.492,40.554,2.399,0.020,40851.892,926.441,19.947,0.020
ETCD,1,1,1024,512,4117.630,66.782,4.021,0.065,25414.798,207.993,24.819,0.065
ETCD,1,1,2048,512,3214.630,23.920,6.279,0.047,13676.657,203.308,26.712,0.047
ETCD,1,1,4096,512,2212.104,14.054,8.641,0.055,7235.313,68.875,28.263,0.055
ETCD,1,5,128,512,10801.395,588.776,1.319,0.072,87194.547,8436.428,10.644,0.072
ETCD,1,5,256,512,10288.789,328.576,2.512,0.080,68993.605,1220.011,16.844,0.080
ETCD,1,5,512,512,8650.645,66.753,4.224,0.033,44791.125,411.063,21.871,0.033
ETCD,1,5,1024,512,7402.014,239.503,7.229,0.234,24162.229,505.373,23.596,0.234
ETCD,1,5,2048,512,5400.265,135.864,10.547,0.265,13461.890,56.573,26.293,0.265
ETCD,1,5,4096,512,3551.126,62.152,13.872,0.243,7178.033,110.307,28.039,0.243
ETCD,1,10,128,512,11216.535,480.228,1.369,0.059,95306.483,2199.619,11.634,0.059
ETCD,1,10,256,512,10734.520,235.409,2.621,0.057,64565.376,6127.400,15.763,0.057
ETCD,1,10,512,512,9662.415,346.355,4.718,0.169,40187.047,2289.215,19.623,0.169
ETCD,1,10,1024,512,7438.012,226.852,7.264,0.222,23752.947,362.457,23.196,0.222
ETCD,1,10,2048,512,5436.678,113.612,10.619,0.222,13440.779,106.521,26.252,0.222
ETCD,1,10,4096,512,3468.792,88.631,13.550,0.346,7006.761,62.347,27.370,0.346
ETCD,1,15,128,512,11501.463,804.365,1.404,0.098,80339.333,8821.988,9.807,0.098
ETCD,1,15,256,512,10458.890,302.533,2.553,0.074,61904.653,7265.234,15.113,0.074
ETCD,1,15,512,512,9383.352,100.367,4.582,0.049,40577.663,1910.248,19.813,0.049
ETCD,1,15,1024,512,7367.406,339.683,7.195,0.332,24599.606,667.028,24.023,0.332
ETCD,1,15,2048,512,5351.419,96.811,10.452,0.189,13559.728,154.872,26.484,0.189
ETCD,1,15,4096,512,3531.151,70.395,13.794,0.275,7054.487,38.646,27.557,0.275
ETCD,1,20,128,512,10986.180,923.306,1.341,0.113,85573.736,15847.292,10.446,0.113
ETCD,1,20,256,512,10559.098,810.448,2.578,0.198,62286.521,933.774,15.207,0.198
ETCD,1,20,512,512,9165.729,412.654,4.475,0.201,42968.873,3173.219,20.981,0.201
ETCD,1,20,1024,512,7439.453,171.965,7.265,0.168,23304.468,701.361,22.758,0.168
ETCD,1,20,2048,512,5577.889,77.622,10.894,0.152,13170.467,256.989,25.724,0.152
ETCD,1,20,4096,512,3487.609,46.939,13.623,0.183,6931.917,61.091,27.078,0.183
ETCD,1,25,128,512,11171.305,1071.845,1.364,0.131,95616.595,2102.958,11.672,0.131
ETCD,1,25,256,512,9996.718,312.984,2.441,0.076,65076.165,8954.327,15.888,0.076
ETCD,1,25,512,512,9323.313,553.195,4.552,0.270,43208.866,2955.544,21.098,0.270
ETCD,1,25,1024,512,7367.937,251.674,7.195,0.246,24146.735,439.682,23.581,0.246
ETCD,1,25,2048,512,5283.818,109.876,10.320,0.215,13118.564,259.815,25.622,0.215
ETCD,1,25,4096,512,3446.706,103.205,13.464,0.403,6971.541,103.052,27.233,0.403
ETCD,1,30,128,512,10681.245,679.806,1.304,0.083,95773.264,3149.561,11.691,0.083
ETCD,1,30,256,512,9878.143,139.820,2.412,0.034,69891.504,785.215,17.063,0.034
ETCD,1,30,512,512,8629.948,263.483,4.214,0.129,43177.044,2912.719,21.083,0.129
ETCD,1,30,1024,512,7276.548,236.833,7.106,0.231,24270.749,895.280,23.702,0.231
ETCD,1,30,2048,512,5299.729,118.396,10.351,0.231,13403.452,223.062,26.179,0.231
ETCD,1,30,4096,512,3476.314,43.437,13.579,0.170,6963.677,38.475,27.202,0.170
ETCD,3,1,128,512,19.561,0.020,0.002,0.000,93064.621,5029.622,11.360,0.000
ETCD,3,1,256,512,19.582,0.024,0.005,0.000,61450.053,7743.043,15.002,0.000
ETCD,3,1,512,512,19.598,0.032,0.010,0.000,41819.896,3713.509,20.420,0.000
ETCD,3,1,1024,512,21.987,4.820,0.021,0.005,24625.559,1683.721,24.048,0.005
ETCD,3,1,2048,512,19.494,0.021,0.038,0.000,13385.603,205.071,26.144,0.000
ETCD,3,1,4096,512,19.356,0.007,0.076,0.000,7019.524,43.262,27.420,0.000
ETCD,3,5,128,512,96.629,0.408,0.012,0.000,93424.209,5143.910,11.404,0.000
ETCD,3,5,256,512,96.680,0.485,0.024,0.000,61265.167,8474.396,14.957,0.000
ETCD,3,5,512,512,96.026,0.070,0.047,0.000,42313.621,2508.434,20.661,0.000
ETCD,3,5,1024,512,95.522,0.069,0.093,0.000,23570.658,1143.944,23.018,0.000
ETCD,3,5,2048,512,94.941,0.056,0.185,0.000,13447.594,138.661,26.265,0.000
ETCD,3,5,4096,512,93.065,0.062,0.364,0.000,6873.836,88.756,26.851,0.000
ETCD,3,10,128,512,189.513,0.219,0.023,0.000,92727.962,5841.832,11.319,0.000
ETCD,3,10,256,512,188.983,0.086,0.046,0.000,59754.470,10245.739,14.588,0.000
ETCD,3,10,512,512,189.539,2.978,0.093,0.001,44431.976,198.224,21.695,0.001
ETCD,3,10,1024,512,195.105,15.389,0.191,0.015,23264.574,605.833,22.719,0.015
ETCD,3,10,2048,512,185.035,0.379,0.361,0.001,13115.790,192.681,25.617,0.001
ETCD,3,10,4096,512,178.356,0.132,0.697,0.001,6847.055,85.785,26.746,0.001
ETCD,3,15,128,512,279.142,0.222,0.034,0.000,94525.752,863.009,11.539,0.000
ETCD,3,15,256,512,278.556,0.247,0.068,0.000,58690.427,10522.571,14.329,0.000
ETCD,3,15,512,512,277.862,0.313,0.136,0.000,42797.767,2995.122,20.897,0.000
ETCD,3,15,1024,512,275.237,0.748,0.269,0.001,23527.263,1172.746,22.976,0.001
ETCD,3,15,2048,512,270.543,0.501,0.528,0.001,13074.800,212.878,25.537,0.001
ETCD,3,15,4096,512,256.354,0.692,1.001,0.003,6912.443,95.164,27.002,0.003
ETCD,3,20,128,512,373.591,0.538,0.046,0.000,81738.731,2407.905,9.978,0.000
ETCD,3,20,256,512,373.810,0.766,0.091,0.000,60523.212,8784.042,14.776,0.000
ETCD,3,20,512,512,370.989,0.843,0.181,0.000,42059.414,3030.754,20.537,0.000
ETCD,3,20,1024,512,366.342,0.894,0.358,0.001,23447.763,181.372,22.898,0.001
ETCD,3,20,2048,512,359.468,0.796,0.702,0.002,13258.517,250.300,25.896,0.002
ETCD,3,20,4096,512,334.637,1.327,1.307,0.005,6929.272,112.574,27.067,0.005
ETCD,3,25,128,512,461.035,0.976,0.056,0.000,65056.758,30544.325,7.941,0.000
ETCD,3,25,256,512,459.436,0.473,0.112,0.000,68306.488,683.247,16.676,0.000
ETCD,3,25,512,512,455.330,0.964,0.222,0.000,41378.056,3742.405,20.204,0.000
ETCD,3,25,1024,512,490.732,89.140,0.479,0.087,23958.104,1392.968,23.397,0.087
ETCD,3,25,2048,512,438.358,1.559,0.856,0.003,13107.548,182.517,25.601,0.003
ETCD,3,25,4096,512,402.735,2.065,1.573,0.008,6904.050,99.367,26.969,0.008
ETCD,3,30,128,512,535.350,1.406,0.065,0.000,85863.944,13213.281,10.481,0.000
ETCD,3,30,256,512,531.194,1.206,0.130,0.000,68998.052,426.651,16.845,0.000
ETCD,3,30,512,512,527.343,1.908,0.257,0.001,42366.128,3158.298,20.687,0.001
ETCD,3,30,1024,512,519.286,1.396,0.507,0.001,24867.945,1060.817,24.285,0.001
ETCD,3,30,2048,512,506.612,1.048,0.989,0.002,13219.282,151.037,25.819,0.002
ETCD,3,30,4096,512,457.931,2.214,1.789,0.009,6931.535,61.684,27.076,0.009
ETCD,5,1,128,512,19.516,0.016,0.002,0.000,95404.076,335.000,11.646,0.000
ETCD,5,1,256,512,19.510,0.028,0.005,0.000,54354.193,7441.825,13.270,0.000
ETCD,5,1,512,512,19.506,0.021,0.010,0.000,40243.177,2789.183,19.650,0.000
ETCD,5,1,1024,512,19.473,0.008,0.019,0.000,23149.235,788.407,22.607,0.000
ETCD,5,1,2048,512,19.528,0.169,0.038,0.000,13203.861,230.476,25.789,0.000
ETCD,5,1,4096,512,19.311,0.011,0.075,0.000,6895.571,135.760,26.936,0.000
ETCD,5,5,128,512,96.084,0.069,0.012,0.000,88383.358,6920.172,10.789,0.000
ETCD,5,5,256,512,96.055,0.058,0.023,0.000,51498.254,9686.374,12.573,0.000
ETCD,5,5,512,512,95.688,0.051,0.047,0.000,40339.473,4387.747,19.697,0.000
ETCD,5,5,1024,512,95.360,0.074,0.093,0.000,22634.995,154.947,22.104,0.000
ETCD,5,5,2048,512,97.480,5.045,0.190,0.010,13043.120,431.375,25.475,0.010
ETCD,5,5,4096,512,93.292,0.107,0.364,0.000,6811.052,77.568,26.606,0.000
ETCD,5,10,128,512,189.338,0.287,0.023,0.000,88433.564,5710.791,10.795,0.000
ETCD,5,10,256,512,188.804,0.248,0.046,0.000,48272.637,11248.234,11.785,0.000
ETCD,5,10,512,512,188.087,0.393,0.092,0.000,41970.315,3035.409,20.493,0.000
ETCD,5,10,1024,512,187.897,0.210,0.183,0.000,23366.449,598.146,22.819,0.000
ETCD,5,10,2048,512,185.330,0.231,0.362,0.000,13198.861,232.692,25.779,0.000
ETCD,5,10,4096,512,180.839,4.142,0.706,0.016,6863.059,114.061,26.809,0.016
ETCD,5,15,128,512,280.010,0.609,0.034,0.000,95319.518,1970.572,11.636,0.000
ETCD,5,15,256,512,287.977,17.367,0.070,0.004,65070.355,3881.465,15.886,0.004
ETCD,5,15,512,512,283.821,6.724,0.139,0.003,37472.122,5148.709,18.297,0.003
ETCD,5,15,1024,512,276.632,0.373,0.270,0.000,23222.710,865.730,22.678,0.000
ETCD,5,15,2048,512,266.683,3.625,0.521,0.007,12911.998,209.561,25.219,0.007
ETCD,5,15,4096,512,257.858,2.925,1.007,0.011,6863.697,66.248,26.811,0.011
ETCD,5,20,128,512,375.706,1.243,0.046,0.000,91042.447,8461.662,11.114,0.000
ETCD,5,20,256,512,374.705,0.780,0.091,0.000,69211.294,757.930,16.897,0.000
ETCD,5,20,512,512,376.212,6.096,0.184,0.003,42691.739,3483.062,20.846,0.003
ETCD,5,20,1024,512,367.749,1.095,0.359,0.001,23252.565,1549.477,22.708,0.001
ETCD,5,20,2048,512,358.617,0.464,0.700,0.001,13010.387,164.403,25.411,0.001
ETCD,5,20,4096,512,334.054,0.639,1.305,0.002,6958.979,49.177,27.184,0.002
ETCD,5,25,128,512,463.670,0.592,0.057,0.000,96283.031,1152.277,11.753,0.000
ETCD,5,25,256,512,461.342,1.372,0.113,0.000,68526.470,629.673,16.730,0.000
ETCD,5,25,512,512,456.061,1.504,0.223,0.001,40825.118,4363.631,19.934,0.001
ETCD,5,25,1024,512,449.621,0.674,0.439,0.001,25564.874,225.547,24.966,0.001
ETCD,5,25,2048,512,467.879,64.771,0.914,0.127,13068.455,211.105,25.524,0.127
ETCD,5,25,4096,512,400.699,2.008,1.565,0.008,6930.149,43.809,27.071,0.008
ETCD,5,30,128,512,540.206,1.105,0.066,0.000,88751.324,7138.795,10.834,0.000
ETCD,5,30,256,512,554.632,37.995,0.135,0.009,68522.719,956.056,16.729,0.009
ETCD,5,30,512,512,536.225,11.915,0.262,0.006,43600.666,1966.853,21.289,0.006
ETCD,5,30,1024,512,537.986,37.694,0.525,0.037,22725.486,1100.326,22.193,0.037
ETCD,5,30,2048,512,497.374,11.576,0.971,0.023,13222.144,197.114,25.824,0.023
ETCD,5,30,4096,512,456.061,2.615,1.781,0.010,6885.018,45.281,26.895,0.010
ETCD,7,1,128,512,19.363,0.027,0.002,0.000,81487.410,19734.240,9.947,0.000
ETCD,7,1,256,512,19.346,0.024,0.005,0.000,64357.322,3246.102,15.712,0.000
ETCD,7,1,512,512,19.329,0.007,0.009,0.000,38283.678,3784.872,18.693,0.000
ETCD,7,1,1024,512,19.750,0.916,0.019,0.001,23558.486,1262.796,23.006,0.001
ETCD,7,1,2048,512,19.262,0.012,0.038,0.000,13308.282,187.160,25.993,0.000
ETCD,7,1,4096,512,20.164,2.164,0.079,0.008,6952.397,27.614,27.158,0.008
ETCD,7,5,128,512,95.045,0.154,0.012,0.000,91095.610,5249.478,11.120,0.000
ETCD,7,5,256,512,94.887,0.127,0.023,0.000,43580.477,3602.818,10.640,0.000
ETCD,7,5,512,512,94.713,0.079,0.046,0.000,37375.957,3957.579,18.250,0.000
ETCD,7,5,1024,512,94.673,0.129,0.092,0.000,23400.961,2020.286,22.853,0.000
ETCD,7,5,2048,512,94.026,0.585,0.184,0.001,13264.681,148.490,25.908,0.001
ETCD,7,5,4096,512,92.448,1.048,0.361,0.004,6880.335,62.402,26.876,0.004
ETCD,7,10,128,512,187.325,0.229,0.023,0.000,78244.387,19808.382,9.551,0.000
ETCD,7,10,256,512,187.738,0.542,0.046,0.000,44513.216,8516.067,10.867,0.000
ETCD,7,10,512,512,187.207,0.251,0.091,0.000,37310.048,5371.649,18.218,0.000
ETCD,7,10,1024,512,185.327,0.663,0.181,0.001,24085.186,1256.408,23.521,0.001
ETCD,7,10,2048,512,181.883,1.966,0.355,0.004,13040.950,128.150,25.471,0.004
ETCD,7,10,4096,512,176.272,0.565,0.689,0.002,6846.694,124.072,26.745,0.002
ETCD,7,15,128,512,281.433,6.872,0.034,0.001,79090.218,21810.002,9.655,0.001
ETCD,7,15,256,512,277.504,0.202,0.068,0.000,46713.617,8155.887,11.405,0.000
ETCD,7,15,512,512,275.351,0.840,0.134,0.000,42158.040,3305.610,20.585,0.000
ETCD,7,15,1024,512,274.041,1.140,0.268,0.001,24552.543,1312.420,23.977,0.001
ETCD,7,15,2048,512,264.577,3.598,0.517,0.007,12929.443,189.659,25.253,0.007
ETCD,7,15,4096,512,255.489,7.919,0.998,0.031,6925.311,65.777,27.052,0.031
ETCD,7,20,128,512,377.891,5.571,0.046,0.001,78768.448,24002.404,9.615,0.001
ETCD,7,20,256,512,381.182,18.335,0.093,0.004,67921.331,1467.291,16.582,0.004
ETCD,7,20,512,512,382.980,30.972,0.187,0.015,41759.915,3131.306,20.391,0.015
ETCD,7,20,1024,512,373.235,18.165,0.364,0.018,24116.999,961.242,23.552,0.018
ETCD,7,20,2048,512,342.080,0.848,0.668,0.002,13087.398,236.470,25.561,0.002
ETCD,7,20,4096,512,325.779,1.117,1.273,0.004,6905.135,60.246,26.973,0.004
ETCD,7,25,128,512,464.211,9.179,0.057,0.001,65333.366,16715.702,7.975,0.001
ETCD,7,25,256,512,488.456,30.083,0.119,0.007,67404.823,2437.597,16.456,0.007
ETCD,7,25,512,512,455.743,1.418,0.223,0.001,39447.568,3677.084,19.262,0.001
ETCD,7,25,1024,512,465.302,36.978,0.454,0.036,23952.780,1359.464,23.391,0.036
ETCD,7,25,2048,512,420.733,12.669,0.822,0.025,12873.182,217.113,25.143,0.025
ETCD,7,25,4096,512,404.590,45.105,1.580,0.176,6895.094,62.911,26.934,0.176
ETCD,7,30,128,512,548.172,16.370,0.067,0.002,75645.536,25761.083,9.234,0.002
ETCD,7,30,256,512,547.790,36.521,0.134,0.009,58760.336,1402.311,14.346,0.009
ETCD,7,30,512,512,555.981,43.389,0.271,0.021,43050.001,2180.510,21.021,0.021
ETCD,7,30,1024,512,515.460,2.332,0.503,0.002,22455.212,1270.503,21.929,0.002
ETCD,7,30,2048,512,469.735,2.621,0.917,0.005,12929.535,326.392,25.253,0.005
ETCD,7,30,4096,512,441.497,6.757,1.725,0.026,6864.857,43.856,26.816,0.026
Zookeeper,1,1,128,512,1135.790,5.444,0.139,0.001,5805.174,115.055,0.709,0.001
Zookeeper,1,1,256,512,1134.132,9.854,0.277,0.002,5783.890,81.057,1.412,0.002
Zookeeper,1,1,512,512,1123.328,35.395,0.549,0.017,5534.309,263.538,2.702,0.017
Zookeeper,1,1,1024,512,1143.657,8.743,1.117,0.009,5716.305,110.874,5.582,0.009
Zookeeper,1,1,2048,512,1155.013,22.075,2.256,0.043,5193.600,66.876,10.144,0.043
Zookeeper,1,1,4096,512,1124.873,6.440,4.394,0.025,5381.446,23.076,21.021,0.025
Zookeeper,1,5,128,512,2300.365,28.672,0.281,0.004,11209.247,888.167,1.368,0.004
Zookeeper,1,5,256,512,2292.125,37.352,0.560,0.009,11841.921,140.558,2.891,0.009
Zookeeper,1,5,512,512,2277.921,55.941,1.112,0.027,10916.312,868.056,5.330,0.027
Zookeeper,1,5,1024,512,2368.508,15.607,2.313,0.015,10416.872,225.853,10.173,0.015
Zookeeper,1,5,2048,512,2410.166,65.254,4.707,0.127,9957.694,266.977,19.449,0.127
Zookeeper,1,5,4096,512,2315.449,37.111,9.045,0.145,10978.206,488.000,42.884,0.145
Zookeeper,1,10,128,512,2510.444,63.238,0.306,0.008,11817.854,70.320,1.443,0.008
Zookeeper,1,10,256,512,2502.143,66.789,0.611,0.016,11895.811,148.948,2.904,0.016
Zookeeper,1,10,512,512,2539.656,35.308,1.240,0.017,11222.526,697.770,5.480,0.017
Zookeeper,1,10,1024,512,2530.951,32.315,2.472,0.032,11821.662,163.018,11.545,0.032
Zookeeper,1,10,2048,512,2618.229,157.817,5.114,0.308,10257.564,163.199,20.034,0.308
Zookeeper,1,10,4096,512,2521.810,48.235,9.851,0.188,11257.026,203.524,43.973,0.188
Zookeeper,1,15,128,512,2595.125,52.578,0.317,0.006,11711.498,114.019,1.430,0.006
Zookeeper,1,15,256,512,2574.279,96.145,0.628,0.023,11803.564,126.125,2.882,0.023
Zookeeper,1,15,512,512,2580.791,109.571,1.260,0.054,11181.792,669.658,5.460,0.054
Zookeeper,1,15,1024,512,2591.633,41.474,2.531,0.041,11907.925,103.923,11.629,0.041
Zookeeper,1,15,2048,512,1323.783,1376.217,2.586,2.688,10065.632,99.421,19.659,2.688
Zookeeper,1,15,4096,512,2604.439,22.282,10.174,0.087,11149.336,176.074,43.552,0.087
Zookeeper,1,20,128,512,2598.715,48.203,0.317,0.006,11590.187,421.733,1.415,0.006
Zookeeper,1,20,256,512,2602.289,76.450,0.635,0.019,11972.765,170.341,2.923,0.019
Zookeeper,1,20,512,512,2626.680,30.466,1.283,0.015,11210.995,730.471,5.474,0.015
Zookeeper,1,20,1024,512,2605.191,60.235,2.544,0.059,11996.337,291.475,11.715,0.059
Zookeeper,1,20,2048,512,2718.005,170.983,5.309,0.334,10081.654,63.345,19.691,0.334
Zookeeper,1,20,4096,512,2620.329,36.345,10.236,0.142,11496.964,223.518,44.910,0.142
Zookeeper,1,25,128,512,2650.778,53.055,0.324,0.006,11859.026,159.305,1.448,0.006
Zookeeper,1,25,256,512,2602.336,93.537,0.635,0.023,11932.108,194.601,2.913,0.023
Zookeeper,1,25,512,512,2652.365,32.872,1.295,0.016,11288.759,884.052,5.512,0.016
Zookeeper,1,25,1024,512,1292.562,1309.838,1.262,1.279,11826.120,133.578,11.549,1.279
Zookeeper,1,25,2048,512,2753.210,101.073,5.377,0.197,10120.666,172.114,19.767,0.197
Zookeeper,1,25,4096,512,2661.315,20.864,10.396,0.081,11240.065,171.426,43.907,0.081
Zookeeper,1,30,128,512,2620.216,56.857,0.320,0.007,11863.593,233.533,1.448,0.007
Zookeeper,1,30,256,512,2590.033,75.047,0.632,0.018,11800.877,97.591,2.881,0.018
Zookeeper,1,30,512,512,2664.893,57.339,1.301,0.028,11323.160,785.345,5.529,0.028
Zookeeper,1,30,1024,512,2594.675,44.624,2.534,0.044,11874.054,205.587,11.596,0.044
Zookeeper,1,30,2048,512,2711.589,35.269,5.296,0.069,10186.168,103.039,19.895,0.069
Zookeeper,1,30,4096,512,2673.969,17.316,10.445,0.068,11366.517,434.654,44.400,0.068
Zookeeper,3,1,128,512,756.258,5.113,0.092,0.001,6010.226,64.056,0.734,0.001
Zookeeper,3,1,256,512,749.291,6.327,0.183,0.002,5989.940,56.504,1.462,0.002
Zookeeper,3,1,512,512,751.455,2.121,0.367,0.001,5577.960,176.159,2.724,0.001
Zookeeper,3,1,1024,512,748.339,3.501,0.731,0.003,5880.456,68.371,5.743,0.003
Zookeeper,3,1,2048,512,738.332,4.767,1.442,0.009,5746.288,67.156,11.223,0.009
Zookeeper,3,1,4096,512,720.764,4.567,2.815,0.018,5467.162,34.753,21.356,0.018
Zookeeper,3,5,128,512,1657.949,20.955,0.202,0.003,11156.887,218.854,1.362,0.003
Zookeeper,3,5,256,512,1627.734,38.228,0.397,0.009,11041.032,118.935,2.696,0.009
Zookeeper,3,5,512,512,1651.691,8.951,0.806,0.004,10635.611,776.959,5.193,0.004
Zookeeper,3,5,1024,512,1646.744,26.015,1.608,0.025,11160.035,119.586,10.898,0.025
Zookeeper,3,5,2048,512,1575.372,17.869,3.077,0.035,11245.223,114.359,21.963,0.035
Zookeeper,3,5,4096,512,1471.856,144.720,5.749,0.565,10623.221,268.175,41.497,0.565
Zookeeper,3,10,128,512,1784.701,28.521,0.218,0.003,11092.113,338.774,1.354,0.003
Zookeeper,3,10,256,512,1783.435,45.422,0.435,0.011,11346.436,200.345,2.770,0.011
Zookeeper,3,10,512,512,1784.273,39.142,0.871,0.019,10648.405,786.733,5.199,0.019
Zookeeper,3,10,1024,512,1827.703,23.756,1.785,0.023,10418.081,329.078,10.174,0.023
Zookeeper,3,10,2048,512,1779.040,39.719,3.475,0.078,11328.033,218.441,22.125,0.078
Zookeeper,3,10,4096,512,1745.919,14.914,6.820,0.058,10764.374,153.044,42.048,0.058
Zookeeper,3,15,128,512,1841.326,33.126,0.225,0.004,11201.956,365.984,1.367,0.004
Zookeeper,3,15,256,512,1807.491,34.199,0.441,0.008,11341.096,117.738,2.769,0.008
Zookeeper,3,15,512,512,1839.360,9.095,0.898,0.004,10768.782,664.414,5.258,0.004
Zookeeper,3,15,1024,512,1815.880,20.406,1.773,0.020,11417.780,222.809,11.150,0.020
Zookeeper,3,15,2048,512,1795.077,40.410,3.506,0.079,11591.077,193.234,22.639,0.079
Zookeeper,3,15,4096,512,1750.654,40.975,6.838,0.160,10989.357,296.536,42.927,0.160
Zookeeper,3,20,128,512,1866.788,27.751,0.228,0.003,11403.000,195.493,1.392,0.003
Zookeeper,3,20,256,512,1826.544,20.730,0.446,0.005,11366.855,196.176,2.775,0.005
Zookeeper,3,20,512,512,1863.203,21.319,0.910,0.010,10770.137,795.814,5.259,0.010
Zookeeper,3,20,1024,512,1431.790,645.363,1.398,0.630,11108.196,836.324,10.848,0.630
Zookeeper,3,20,2048,512,1827.444,45.256,3.569,0.088,11568.454,143.757,22.595,0.088
Zookeeper,3,20,4096,512,1781.924,40.466,6.961,0.158,11412.095,390.811,44.578,0.158
Zookeeper,3,25,128,512,1856.801,20.210,0.227,0.002,11443.191,181.290,1.397,0.002
Zookeeper,3,25,256,512,1836.774,38.914,0.448,0.010,11488.293,212.787,2.805,0.010
Zookeeper,3,25,512,512,1865.130,12.636,0.911,0.006,10872.095,789.932,5.309,0.006
Zookeeper,3,25,1024,512,1837.963,30.948,1.795,0.030,10471.604,416.988,10.226,0.030
Zookeeper,3,25,2048,512,1860.978,24.047,3.635,0.047,11661.896,303.970,22.777,0.047
Zookeeper,3,25,4096,512,1762.954,40.631,6.887,0.159,11170.213,169.420,43.634,0.159
Zookeeper,3,30,128,512,1843.058,46.592,0.225,0.006,11706.874,240.266,1.429,0.006
Zookeeper,3,30,256,512,1851.280,35.054,0.452,0.009,11382.429,329.234,2.779,0.009
Zookeeper,3,30,512,512,1834.584,35.761,0.896,0.017,11007.289,549.129,5.375,0.017
Zookeeper,3,30,1024,512,1881.352,32.649,1.837,0.032,10380.166,1038.715,10.137,0.032
Zookeeper,3,30,2048,512,1828.320,32.830,3.571,0.064,11485.956,148.723,22.434,0.064
Zookeeper,3,30,4096,512,1773.037,37.619,6.926,0.147,11100.098,145.310,43.360,0.147
Zookeeper,5,1,128,512,689.178,4.695,0.084,0.001,5916.708,104.618,0.722,0.001
Zookeeper,5,1,256,512,684.963,7.976,0.167,0.002,5915.357,105.835,1.444,0.002
Zookeeper,5,1,512,512,685.148,11.369,0.335,0.006,5561.444,254.772,2.716,0.006
Zookeeper,5,1,1024,512,662.092,6.902,0.647,0.007,5380.665,85.570,5.255,0.007
Zookeeper,5,1,2048,512,579.555,44.189,1.132,0.086,5735.834,60.600,11.203,0.086
Zookeeper,5,1,4096,512,469.129,45.568,1.833,0.178,5436.828,94.184,21.238,0.178
Zookeeper,5,5,128,512,1300.120,12.744,0.159,0.002,10937.093,163.153,1.335,0.002
Zookeeper,5,5,256,512,1304.973,9.893,0.319,0.002,11108.788,196.114,2.712,0.002
Zookeeper,5,5,512,512,1308.024,9.387,0.639,0.005,10482.018,756.017,5.118,0.005
Zookeeper,5,5,1024,512,1237.916,19.866,1.209,0.019,9903.259,339.486,9.671,0.019
Zookeeper,5,5,2048,512,941.024,74.555,1.838,0.146,11492.231,218.062,22.446,0.146
Zookeeper,5,5,4096,512,752.483,39.627,2.939,0.155,10541.546,183.322,41.178,0.155
Zookeeper,5,10,128,512,1392.973,26.927,0.170,0.003,11250.119,111.801,1.373,0.003
Zookeeper,5,10,256,512,1376.303,14.617,0.336,0.004,11058.035,401.342,2.700,0.004
Zookeeper,5,10,512,512,1403.697,25.336,0.685,0.012,10758.882,648.324,5.253,0.012
Zookeeper,5,10,1024,512,1331.186,20.445,1.300,0.020,9830.578,615.868,9.600,0.020
Zookeeper,5,10,2048,512,1206.852,38.532,2.357,0.075,11502.293,206.624,22.465,0.075
Zookeeper,5,10,4096,512,1037.252,61.659,4.052,0.241,10718.843,153.434,41.870,0.241
Zookeeper,5,15,128,512,1414.359,22.221,0.173,0.003,11284.193,435.182,1.377,0.003
Zookeeper,5,15,256,512,1391.575,42.076,0.340,0.010,11447.862,141.304,2.795,0.010
Zookeeper,5,15,512,512,1406.210,32.848,0.687,0.016,11087.874,762.872,5.414,0.016
Zookeeper,5,15,1024,512,1389.793,15.426,1.357,0.015,9856.581,460.878,9.626,0.015
Zookeeper,5,15,2048,512,1266.152,58.207,2.473,0.114,11556.031,186.426,22.570,0.114
Zookeeper,5,15,4096,512,1143.993,36.004,4.469,0.141,10954.629,163.697,42.792,0.141
Zookeeper,5,20,128,512,1446.287,22.002,0.177,0.003,11471.616,354.447,1.400,0.003
Zookeeper,5,20,256,512,1450.730,21.076,0.354,0.005,11452.610,225.026,2.796,0.005
Zookeeper,5,20,512,512,1455.666,21.937,0.711,0.011,10750.816,1103.638,5.249,0.011
Zookeeper,5,20,1024,512,1460.060,31.758,1.426,0.031,9070.252,342.542,8.858,0.031
Zookeeper,5,20,2048,512,1366.929,39.428,2.670,0.077,11173.363,375.383,21.823,0.077
Zookeeper,5,20,4096,512,1270.459,35.786,4.963,0.140,11152.465,210.854,43.564,0.140
Zookeeper,5,25,128,512,1446.579,25.277,0.177,0.003,11416.813,61.124,1.394,0.003
Zookeeper,5,25,256,512,1452.274,39.123,0.355,0.010,11325.106,74.127,2.765,0.010
Zookeeper,5,25,512,512,1447.891,13.261,0.707,0.006,10966.499,595.557,5.355,0.006
Zookeeper,5,25,1024,512,1422.768,26.229,1.389,0.026,9822.401,517.289,9.592,0.026
Zookeeper,5,25,2048,512,1354.362,35.884,2.645,0.070,11804.177,53.963,23.055,0.070
Zookeeper,5,25,4096,512,1294.614,25.578,5.057,0.100,11153.058,280.888,43.567,0.100
Zookeeper,5,30,128,512,1452.113,28.300,0.177,0.003,11673.273,191.573,1.425,0.003
Zookeeper,5,30,256,512,1439.400,28.966,0.351,0.007,11579.031,219.563,2.827,0.007
Zookeeper,5,30,512,512,1431.824,24.706,0.699,0.012,10819.729,479.069,5.283,0.012
Zookeeper,5,30,1024,512,1456.396,22.036,1.422,0.022,9630.943,505.441,9.405,0.022
Zookeeper,5,30,2048,512,1389.186,41.690,2.713,0.081,11524.153,192.136,22.508,0.081
Zookeeper,5,30,4096,512,1297.203,49.392,5.067,0.193,11288.530,233.582,44.096,0.193
Zookeeper,7,1,128,512,602.199,18.210,0.074,0.002,5898.959,95.165,0.720,0.002
Zookeeper,7,1,256,512,595.838,28.171,0.145,0.007,5850.202,123.143,1.428,0.007
Zookeeper,7,1,512,512,590.109,18.470,0.288,0.009,5270.478,292.879,2.573,0.009
Zookeeper,7,1,1024,512,490.864,46.224,0.479,0.045,5818.288,72.352,5.682,0.045
Zookeeper,7,1,2048,512,498.919,66.985,0.974,0.131,5705.679,38.893,11.144,0.131
Zookeeper,7,1,4096,512,459.812,83.572,1.796,0.326,5262.338,139.370,20.556,0.326
Zookeeper,7,5,128,512,1063.724,26.465,0.130,0.003,11062.206,122.333,1.350,0.003
Zookeeper,7,5,256,512,1057.721,5.585,0.258,0.001,10986.946,257.734,2.682,0.001
Zookeeper,7,5,512,512,1037.554,49.678,0.507,0.024,9384.289,841.582,4.582,0.024
Zookeeper,7,5,1024,512,797.982,60.192,0.779,0.059,11231.163,128.490,10.968,0.059
Zookeeper,7,5,2048,512,865.327,85.110,1.690,0.166,11273.461,107.683,22.018,0.166
Zookeeper,7,5,4096,512,785.439,97.685,3.068,0.382,10288.945,396.682,40.191,0.382
Zookeeper,7,10,128,512,1130.836,25.658,0.138,0.003,11316.774,150.431,1.381,0.003
Zookeeper,7,10,256,512,1137.853,20.109,0.278,0.005,11047.954,295.704,2.697,0.005
Zookeeper,7,10,512,512,1033.112,53.851,0.504,0.026,9410.709,713.450,4.595,0.026
Zookeeper,7,10,1024,512,986.546,95.653,0.963,0.093,11308.911,134.734,11.044,0.093
Zookeeper,7,10,2048,512,944.819,67.360,1.845,0.132,11499.653,117.777,22.460,0.132
Zookeeper,7,10,4096,512,807.951,28.561,3.156,0.112,10039.074,694.214,39.215,0.112
Zookeeper,7,15,128,512,1145.966,28.194,0.140,0.003,11375.808,151.821,1.389,0.003
Zookeeper,7,15,256,512,1136.302,36.229,0.277,0.009,11145.221,292.732,2.721,0.009
Zookeeper,7,15,512,512,1181.860,7.913,0.577,0.004,9427.255,856.947,4.603,0.004
Zookeeper,7,15,1024,512,1088.435,54.397,1.063,0.053,11436.518,49.011,11.168,0.053
Zookeeper,7,15,2048,512,1059.905,43.339,2.070,0.085,11510.524,74.927,22.481,0.085
Zookeeper,7,15,4096,512,994.249,62.083,3.884,0.243,10827.389,268.704,42.294,0.243
Zookeeper,7,20,128,512,1201.297,30.835,0.147,0.004,11398.504,130.616,1.391,0.004
Zookeeper,7,20,256,512,1149.443,24.169,0.281,0.006,11481.172,279.589,2.803,0.006
Zookeeper,7,20,512,512,1149.922,45.452,0.561,0.022,9573.539,676.183,4.675,0.022
Zookeeper,7,20,1024,512,1126.627,22.095,1.100,0.022,11725.352,256.050,11.451,0.022
Zookeeper,7,20,2048,512,1125.380,39.185,2.198,0.077,11401.792,222.501,22.269,0.077
Zookeeper,7,20,4096,512,1050.321,42.451,4.103,0.166,10873.834,405.651,42.476,0.166
Zookeeper,7,25,128,512,1188.601,21.544,0.145,0.003,11122.996,223.550,1.358,0.003
Zookeeper,7,25,256,512,1189.433,28.005,0.290,0.007,11572.245,96.349,2.825,0.007
Zookeeper,7,25,512,512,1183.743,22.168,0.578,0.011,9693.942,1026.097,4.733,0.011
Zookeeper,7,25,1024,512,1156.073,33.887,1.129,0.033,11025.097,757.704,10.767,0.033
Zookeeper,7,25,2048,512,1151.355,41.774,2.249,0.082,11442.526,254.332,22.349,0.082
Zookeeper,7,25,4096,512,1080.044,26.083,4.219,0.102,10460.876,397.506,40.863,0.102
Zookeeper,7,30,128,512,1214.806,18.496,0.148,0.002,11495.887,249.454,1.403,0.002
Zookeeper,7,30,256,512,1196.098,17.186,0.292,0.004,11494.178,218.315,2.806,0.004
Zookeeper,7,30,512,512,1199.623,18.138,0.586,0.009,9845.999,779.834,4.808,0.009
Zookeeper,7,30,1024,512,1149.661,17.509,1.123,0.017,11529.636,308.414,11.259,0.017
Zookeeper,7,30,2048,512,1165.765,17.523,2.277,0.034,11430.626,128.481,22.325,0.034
Zookeeper,7,30,4096,512,1097.637,27.754,4.288,0.108,11281.575,190.904,44.069,0.108
